t,pi_min,seed,rare_class,rand_f1_b150,margin_f1_b150,gap_b150,rand_f1_b300,margin_f1_b300,gap_b300,rand_f1_b450,margin_f1_b450,gap_b450
0.0,0.02,0,5,0.26455026455026454,0.35802469135802467,0.09347442680776014,0.2875,0.43870967741935485,0.15120967741935487,0.3942307692307692,0.47398843930635837,0.07975767007558915
0.0,0.02,1,5,0.28169014084507044,0.32926829268292684,0.04757815183785641,0.4784688995215311,0.42045454545454547,-0.05801435406698563,0.43564356435643564,0.4171779141104294,-0.018465650246006216
0.0,0.02,2,5,0.14388489208633093,0.5391304347826087,0.39524554269627776,0.4307692307692308,0.6060606060606061,0.17529137529137528,0.38823529411764707,0.6593406593406593,0.27110536522301226
0.0,0.02,3,5,0.26881720430107525,0.23728813559322035,-0.03152906870785491,0.37662337662337664,0.29931972789115646,-0.07730364873222018,0.4397163120567376,0.24193548387096775,-0.19778082818576986
0.0,0.02,4,5,0.38823529411764707,0.4632768361581921,0.07504154204054503,0.4528301886792453,0.48314606741573035,0.030315878736485058,0.4470588235294118,0.6067415730337079,0.15968274950429612
0.06666666666666667,0.029777777777777778,0,5,0.3070539419087137,0.49411764705882355,0.18706370515010984,0.5099601593625498,0.5855513307984791,0.0755911714359293,0.4892703862660944,0.5900383141762452,0.10076792791015077
0.06666666666666667,0.029777777777777778,1,5,0.2867383512544803,0.38095238095238093,0.09421402969790066,0.2403846153846154,0.37962962962962965,0.13924501424501426,0.29357798165137616,0.4588744588744589,0.16529647722308272
0.06666666666666667,0.029777777777777778,2,5,0.4891304347826087,0.505338078291815,0.016207643509206282,0.5360824742268041,0.6717557251908397,0.1356732509640356,0.5054151624548736,0.6422764227642277,0.13686126030935408
0.06666666666666667,0.029777777777777778,3,5,0.3961661341853035,0.47104247104247104,0.07487633685716755,0.40336134453781514,0.4679245283018868,0.06456318376407166,0.4622222222222222,0.48360655737704916,0.02138433515482696
0.06666666666666667,0.029777777777777778,4,5,0.42657342657342656,0.4097560975609756,-0.016817329012450977,0.4684014869888476,0.5412844036697247,0.07288291668087715,0.5207547169811321,0.6638297872340425,0.14307507025291044
0.13333333333333333,0.03955555555555555,0,5,0.43817787418655096,0.4401114206128134,0.0019335464262624225,0.5380952380952381,0.5314285714285715,-0.006666666666666599,0.5497076023391813,0.5636363636363636,0.013928761297182346
0.13333333333333333,0.03955555555555555,1,5,0.32388663967611336,0.5276872964169381,0.20380065674082476,0.48677248677248675,0.575,0.08822751322751321,0.5167173252279635,0.58125,0.0645326747720365
0.13333333333333333,0.03955555555555555,2,5,0.4519774011299435,0.4647058823529412,0.01272848122299769,0.4676923076923077,0.7024128686327078,0.2347205609404001,0.575,0.7008547008547008,0.12585470085470085
0.13333333333333333,0.03955555555555555,3,5,0.3854748603351955,0.42071197411003236,0.03523711377483685,0.5185185185185185,0.3873239436619718,-0.13119457485654668,0.5653495440729484,0.3971631205673759,-0.16818642350557245
0.13333333333333333,0.03955555555555555,4,5,0.5817307692307693,0.4342105263157895,-0.14752024291497978,0.6453488372093024,0.5548387096774193,-0.09051012753188303,0.6402266288951841,0.654434250764526,0.01420762186934188
0.2,0.04933333333333333,0,5,0.4057971014492754,0.4506329113924051,0.04483580994312969,0.4028103044496487,0.5454545454545454,0.1426442410048967,0.46437994722955145,0.546916890080429,0.08253694285087754
0.2,0.04933333333333333,1,5,0.4727272727272727,0.5532879818594104,0.0805607091321377,0.5202863961813843,0.5915492957746479,0.0712628995932636,0.5536159600997507,0.5440414507772021,-0.009574509322548552
0.2,0.04933333333333333,2,5,0.5280665280665281,0.5213675213675214,-0.006699006699006693,0.5882352941176471,0.6120481927710844,0.023812898653437276,0.5876288659793815,0.6545454545454545,0.06691658856607308
0.2,0.04933333333333333,3,5,0.16631130063965885,0.35071090047393366,0.1843995998342748,0.40749414519906324,0.5106382978723404,0.10314415267327715,0.5170068027210885,0.5442764578833693,0.02726965516228086
0.2,0.04933333333333333,4,5,0.6493506493506493,0.48125,-0.16810064935064933,0.6221198156682027,0.7043701799485861,0.08225036428038335,0.6952380952380952,0.6805194805194805,-0.014718614718614687
0.26666666666666666,0.05911111111111111,0,5,0.3364140480591497,0.5339168490153173,0.19750280095616762,0.6392857142857142,0.6197183098591549,-0.019567404426559354,0.608,0.6614785992217899,0.05347859922178988
0.26666666666666666,0.05911111111111111,1,5,0.46254927726675427,0.44243792325056436,-0.02011135401618991,0.5677655677655677,0.5732758620689655,0.005510294303397778,0.5895117540687161,0.5859872611464968,-0.0035244929222193466
0.26666666666666666,0.05911111111111111,2,5,0.5973025048169557,0.624390243902439,0.027087739085483342,0.6010544815465729,0.7309236947791165,0.12986921323254352,0.6561264822134387,0.7378640776699029,0.0817375954564642
0.26666666666666666,0.05911111111111111,3,5,0.6,0.5947712418300654,-0.005228758169934622,0.6540084388185654,0.5924453280318092,-0.06156311078675625,0.6680497925311203,0.6206896551724138,-0.04736013735870648
0.26666666666666666,0.05911111111111111,4,5,0.6437246963562753,0.7019400352733686,0.058215338917093296,0.6829268292682927,0.7642585551330798,0.0813317258647871,0.6827458256029685,0.7650485436893204,0.08230271808635192
0.3333333333333333,0.06888888888888889,0,5,0.5515151515151515,0.6418152350081038,0.09030008349295227,0.5462304409672831,0.5993031358885017,0.05307269492121858,0.573170731707317,0.6267605633802817,0.053589831672964716
0.3333333333333333,0.06888888888888889,1,5,0.4598639455782313,0.3389830508474576,-0.12088089473077368,0.5648604269293924,0.5877712031558185,0.02291077622642612,0.584717607973422,0.6325757575757576,0.04785814960233559
0.3333333333333333,0.06888888888888889,2,5,0.6275862068965518,0.6892109500805152,0.06162474318396349,0.7056962025316456,0.7445482866043613,0.03885208407271579,0.7111853088480802,0.7846410684474123,0.07345575959933215
0.3333333333333333,0.06888888888888889,3,5,0.36276083467094705,0.5008077544426495,0.13804691977170241,0.45660377358490567,0.6153846153846154,0.15878084179970975,0.5575539568345323,0.622673434856176,0.06511947802164364
0.3333333333333333,0.06888888888888889,4,5,0.6138032305433186,0.602291325695581,-0.011511904847737675,0.6644736842105263,0.7413793103448276,0.0769056261343013,0.7298747763864043,0.7572156196943973,0.027340843307993024
0.4,0.07866666666666666,0,5,0.587378640776699,0.5566714490674318,-0.030707191709267168,0.6304909560723514,0.6074074074074074,-0.023083548664943998,0.6278145695364239,0.6266866566716641,-0.0011279128647597725
0.4,0.07866666666666666,1,5,0.4201388888888889,0.4971590909090909,0.07702020202020199,0.45104895104895104,0.5636942675159236,0.11264531646697251,0.4906303236797274,0.5822021116138764,0.09157178793414894
0.4,0.07866666666666666,2,5,0.7254901960784313,0.7082683307332294,-0.01722186534520198,0.723404255319149,0.7708029197080292,0.047398664388880185,0.7428571428571429,0.7774566473988439,0.03459950454170102
0.4,0.07866666666666666,3,5,0.5736636245110821,0.6788732394366197,0.1052096149255376,0.6037195994277539,0.6884353741496598,0.08471577472190595,0.6331811263318112,0.6858710562414266,0.05268992990961541
0.4,0.07866666666666666,4,5,0.4816753926701571,0.7657657657657657,0.28409037309560864,0.6028880866425993,0.783410138248848,0.18052205160624868,0.6790540540540541,0.765891472868217,0.08683741881416296
0.4666666666666667,0.08844444444444444,0,5,0.5311203319502075,0.5896103896103896,0.058490057660182115,0.599713055954089,0.6121372031662269,0.012424147212137915,0.650904033379694,0.6713881019830028,0.020484068603308758
0.4666666666666667,0.08844444444444444,1,5,0.5673758865248227,0.5522388059701493,-0.015137080554673443,0.5750350631136045,0.6388489208633094,0.06381385774970483,0.5798319327731093,0.6720647773279352,0.09223284455482594
0.4666666666666667,0.08844444444444444,2,5,0.6394849785407726,0.764629388816645,0.12514441027587242,0.639686684073107,0.8261437908496732,0.18645710677656613,0.6964520367936925,0.8389610389610389,0.1425090021673464
0.4666666666666667,0.08844444444444444,3,5,0.4938704028021016,0.6862996158770807,0.19242921307497907,0.6912181303116147,0.747051114023591,0.055832983711976314,0.6883468834688347,0.7158469945355191,0.027500111066684485
0.4666666666666667,0.08844444444444444,4,5,0.6791946308724832,0.6965428937259923,0.0173482628535091,0.6861702127659575,0.7704280155642024,0.08425780279824491,0.7279596977329975,0.7733333333333333,0.045373635600335804
0.5333333333333333,0.09822222222222222,0,5,0.5487674169346195,0.6090621707060063,0.06029475377138682,0.6028708133971292,0.656964656964657,0.05409384356752778,0.634207240948814,0.6930917327293318,0.0588844917805178
0.5333333333333333,0.09822222222222222,1,5,0.5170842824601367,0.4948717948717949,-0.022212487588341823,0.5762304921968787,0.6281208935611038,0.05189040136422507,0.6783625730994152,0.6691823899371069,-0.009180183162308286
0.5333333333333333,0.09822222222222222,2,5,0.4884080370942813,0.6733416770963705,0.18493364000208917,0.7353689567430025,0.741190765492102,0.005821808749099544,0.7558282208588957,0.7829181494661922,0.027089928607296532
0.5333333333333333,0.09822222222222222,3,5,0.5475638051044084,0.6534883720930232,0.10592456698861485,0.6529032258064517,0.6892778993435449,0.03637467353709323,0.6666666666666666,0.7057522123893806,0.039085545722713944
0.5333333333333333,0.09822222222222222,4,5,0.5759312320916905,0.7051442910915935,0.12921305899990299,0.6884422110552764,0.772782503037667,0.08434029198239068,0.7461928934010152,0.778998778998779,0.03280588559776376
0.6,0.10799999999999998,0,5,0.6743075453677173,0.6551373346897253,-0.01917021067799196,0.7259858442871587,0.6612149532710281,-0.06477089101613065,0.7221644120707597,0.70874861572536,-0.013415796345399689
0.6,0.10799999999999998,1,5,0.6063829787234043,0.5310734463276836,-0.07530953239572069,0.6007984031936128,0.6018735362997658,0.0010751331061530367,0.6419753086419753,0.6266968325791855,-0.015278476062789759
0.6,0.10799999999999998,2,5,0.7086294416243655,0.7267144319344934,0.01808499031012789,0.7497425334706488,0.8241639697950378,0.07442143632438902,0.7372793354101765,0.8156182212581344,0.0783388858479579
0.6,0.10799999999999998,3,5,0.661319073083779,0.48854961832061067,-0.17276945476316835,0.7127659574468085,0.5502645502645502,-0.16250140718225825,0.7461139896373057,0.5506072874493927,-0.195506702187913
0.6,0.10799999999999998,4,5,0.7108307045215563,0.6063829787234043,-0.10444772579815198,0.7423117709437964,0.6938300349243306,-0.048481736019465815,0.7626050420168067,0.7539863325740319,-0.008618709442774763
0.6666666666666666,0.11777777777777777,0,5,0.6827852998065764,0.717948717948718,0.03516341814214152,0.6978557504873294,0.7090367428003972,0.011180992313067795,0.6986986986986987,0.723152709359606,0.024454010660907244
0.6666666666666666,0.11777777777777777,1,5,0.5080731969860065,0.6441717791411042,0.13609858215509774,0.6445396145610278,0.6884210526315789,0.043881438070551115,0.6673407482305359,0.6948453608247422,0.027504612594206335
0.6666666666666666,0.11777777777777777,2,5,0.7109879963065558,0.781042654028436,0.07005465772188013,0.7367441860465116,0.7921951219512195,0.055450935904707954,0.7321258341277407,0.8248031496062992,0.09267731547855851
0.6666666666666666,0.11777777777777777,3,5,0.691914022517912,0.7034764826175869,0.011562460099674876,0.6769865841073271,0.7339268051434223,0.056940221036095195,0.7349397590361446,0.7430830039525692,0.008143244916424597
0.6666666666666666,0.11777777777777777,4,5,0.6306465899025686,0.6841552990556139,0.053508709153045286,0.744954128440367,0.7704752275025278,0.025521099062160824,0.7377201112140871,0.7824310520939735,0.04471094087988636
0.7333333333333333,0.12755555555555556,0,5,0.6661237785016286,0.7052722558340536,0.03914847733242499,0.6835222319093287,0.7337488869100623,0.050226655000733644,0.6988352745424293,0.7368421052631579,0.038006830720728524
0.7333333333333333,0.12755555555555556,1,5,0.590009425070688,0.5826612903225806,-0.00734813474810736,0.6672897196261682,0.663023679417122,-0.004266040209046196,0.6803355079217148,0.6785714285714286,-0.0017640793502862184
0.7333333333333333,0.12755555555555556,2,5,0.5935696619950536,0.762301918265221,0.1687322562701674,0.7538322813345356,0.8216503992901508,0.06781811795561521,0.7854039965247611,0.8105263157894737,0.025122319264712534
0.7333333333333333,0.12755555555555556,3,5,0.5970409051348999,0.6855059252506837,0.08846502011578372,0.7337380745880312,0.7139061116031886,-0.019831962984842577,0.7265917602996255,0.743455497382199,0.016863737082573493
0.7333333333333333,0.12755555555555556,4,5,0.5350172215843858,0.7518939393939394,0.21687671780955364,0.7212178877259753,0.7821969696969697,0.06097908197099444,0.7663734115347018,0.7908675799086758,0.024494168373974
0.8,0.13733333333333336,0,5,0.6504559270516718,0.6362068965517241,-0.014249030499947635,0.6721433905899925,0.6963216424294268,0.02417825183943434,0.7026194144838213,0.7132867132867133,0.010667298802892078
0.8,0.13733333333333336,1,5,0.6536731634182908,0.5953488372093023,-0.05832432620898853,0.6886792452830188,0.6637478108581436,-0.02493143442487522,0.702572347266881,0.6864910790144435,-0.016081268252437497
0.8,0.13733333333333336,2,5,0.696608615948671,0.7546330615270571,0.05802444557838615,0.7950116913484022,0.8308651597817615,0.03585346843335924,0.8147527242246437,0.8440514469453376,0.029298722720693893
0.8,0.13733333333333336,3,5,0.6901639344262295,0.6894360603653693,-0.0007278740608601675,0.715625,0.7063555913113435,-0.009269408688656444,0.7311475409836066,0.7385826771653543,0.007435136181747737
0.8,0.13733333333333336,4,5,0.676056338028169,0.7260909935004642,0.05003465547229524,0.7746358183376179,0.7696335078534031,-0.005002310484214734,0.7780590717299578,0.795551753635586,0.017492681905628138
0.8666666666666667,0.14711111111111114,0,5,0.5845539280958721,0.6753246753246753,0.09077074722880318,0.7155240346729709,0.7137433561123766,-0.0017806785605942732,0.7359375,0.7310126582278481,-0.004924841772151911
0.8666666666666667,0.14711111111111114,1,5,0.5718875502008032,0.6862464183381088,0.11435886813730567,0.641914191419142,0.7115097159940209,0.06959552457487894,0.6558177379983726,0.7162162162162162,0.06039847821784361
0.8666666666666667,0.14711111111111114,2,5,0.7632999228989977,0.8402282453637661,0.07692832246476833,0.8078889700511322,0.8288690476190477,0.020980077567915423,0.8197718631178708,0.8227374719521316,0.002965608834260891
0.8666666666666667,0.14711111111111114,3,5,0.7350667603654252,0.6990291262135923,-0.03603763415183292,0.7465648854961832,0.7240031274433151,-0.022561758052868086,0.7616050354051928,0.7692307692307693,0.0076257338255765195
0.8666666666666667,0.14711111111111114,4,5,0.7545731707317073,0.774247491638796,0.01967432090708876,0.7928902627511591,0.7993579454253612,0.006467682674202058,0.8100470957613815,0.805379746835443,-0.004667348925938453
0.9333333333333333,0.1568888888888889,0,5,0.6127167630057804,0.7195546276965901,0.10683786469080969,0.6827880512091038,0.6972111553784861,0.014423104169382306,0.7344947735191638,0.7360809833694866,0.0015862098503227617
0.9333333333333333,0.1568888888888889,1,5,0.6349960411718132,0.6947524020694752,0.05975636089766201,0.6628664495114006,0.7384393063583815,0.0755728568469809,0.6540362438220758,0.7139622641509434,0.059926020328867624
0.9333333333333333,0.1568888888888889,2,5,0.755117513267627,0.7791842475386779,0.024066734271050882,0.8014388489208633,0.819047619047619,0.01760877012675577,0.811046511627907,0.8502556610664719,0.039209149438564905
0.9333333333333333,0.1568888888888889,3,5,0.678763440860215,0.7223880597014926,0.04362461884127755,0.7724945135332846,0.7763347763347763,0.003840262801491745,0.7705041384499624,0.8051209103840683,0.03461677193410595
0.9333333333333333,0.1568888888888889,4,5,0.7702060221870047,0.7867494824016563,0.016543460214651584,0.7911921032649962,0.8014184397163121,0.010226336451315876,0.8005908419497785,0.8206599713055954,0.02006912935581695
1.0,0.16666666666666669,0,0,0.8117816091954023,0.8029689608636977,-0.008812648331704587,0.835357624831309,0.8178191489361702,-0.017538475895138794,0.8510919920582396,0.8377850162866449,-0.013306975771594676
1.0,0.16666666666666669,1,0,0.803921568627451,0.8125915080527086,0.008669939425257622,0.8285163776493256,0.8647178789938818,0.03620150134455613,0.8655126498002663,0.8684034736138945,0.0028908238136281517
1.0,0.16666666666666669,2,0,0.6996655518394649,0.7534246575342466,0.053759105694781706,0.7900894700619409,0.7824897400820794,-0.007599729979861469,0.7762430939226519,0.7991718426501035,0.022928748727451653
1.0,0.16666666666666669,3,0,0.696165191740413,0.7216367017978921,0.025471510057479052,0.7258297258297258,0.7390745501285347,0.01324482429880891,0.7691187181354697,0.7679158448389217,-0.0012028732965480016
1.0,0.16666666666666669,4,0,0.7326460481099656,0.788659793814433,0.05601374570446738,0.7892030848329049,0.8117263843648208,0.022523299531915897,0.8023637557452397,0.8118421052631579,0.00947834951791826
